{
	"class_name" : "PinholeCameraParameters",
	"extrinsic" : 
	[
		0.99839177185724703,
		0.055348599433369915,
		0.012263866784632836,
		0.0,
		-0.056386931247386744,
		0.99189798391902184,
		0.11383717969926287,
		0.0,
		-0.0058637762789297181,
		-0.11434562535639106,
		0.99342372333743201,
		0.0,
		-0.27936463409018258,
		0.37960980938626021,
		-1.6900948415377184,
		1.0
	],
	"intrinsic" : 
	{
		"height" : 1061,
		"intrinsic_matrix" : 
		[
			918.85295341528945,
			0.0,
			0.0,
			0.0,
			918.85295341528945,
			0.0,
			959.5,
			530.0,
			1.0
		],
		"width" : 1920
	},
	"version_major" : 1,
	"version_minor" : 0
}